{
  "imgPath": "E:/CoraMetix/Fibre Diameter Measurement/scaffoldAnalysis_Dev/images/11.11.04_10x(centre).jpg",
  "fibreModel": "core/fibreCore/fibreModel.pth",
  "poreModel": "core/poreCore/poreModel.pth",
  "mode": "f",
  "scaleFactor": 1.25,
  "JER": 40,
  "Fibre Param": {
    "Average": 16.06622606612287,
    "Standard Deviation": 4.5049285154617795,
    "KDE Peak": 14.817946449789464,
    "SEM": 0.21027205600569995,
    "median": 15.249522902522397,
    "Q1, Q3": [
      12.61176765165427,
      54.1961566957497
    ],
    "IQR": 41.58438904409543,
    "95% CI": [
      14.834646232782895,
      15.249522902522397
    ],
    "Raw": [
      14.00299036776892,
      14.887498081231431,
      12.61176765165427,
      15.300160037337957,
      16.21731892711826,
      13.016438206590202,
      23.400665100726293,
      14.344937010725452,
      15.249522902522397,
      14.344937010725452,
      13.944668846043822,
      14.344937010725452,
      14.344937010725452,
      15.249522902522397,
      14.344937010725452,
      14.00299036776892,
      18.12858716208415,
      14.834646232782895,
      14.344937010725452,
      13.210914776632947,
      14.887498081231431,
      16.714373599711053,
      13.885946474964861,
      15.249522902522397,
      22.864914297299272,
      15.400665100726293,
      15.249522902522397,
      16.714373599711053,
      14.344937010725452,
      15.249522902522397,
      13.016438206590202,
      15.400665100726293,
      15.300160037337957,
      13.462922849024842,
      12.61176765165427,
      17.44225967951859,
      14.344937010725452,
      15.400665100726293,
      17.607220716459995,
      16.030810913460943,
      14.00299036776892,
      12.61176765165427,
      12.61176765165427,
      13.016438206590202,
      16.030810913460943,
      15.249522902522397,
      16.581004988225242,
      14.344937010725452,
      14.834646232782895,
      14.00299036776892,
      16.030810913460943,
      15.300160037337957,
      13.016438206590202,
      14.887498081231431,
      16.581004988225242,
      14.344937010725452,
      14.344937010725452,
      14.62020955801918,
      15.249522902522397,
      14.344937010725452,
      16.21731892711826,
      14.344937010725452,
      15.249522902522397,
      20.924839796986316,
      16.21731892711826,
      16.581004988225242,
      30.4206571071199,
      14.00299036776892,
      14.344937010725452,
      13.016438206590202,
      12.61176765165427,
      14.344937010725452,
      16.030810913460943,
      15.249522902522397,
      13.016438206590202,
      14.344937010725452,
      16.581004988225242,
      16.030810913460943,
      14.344937010725452,
      15.400665100726293,
      14.834646232782895,
      14.344937010725452,
      15.249522902522397,
      14.344937010725452,
      14.344937010725452,
      15.400665100726293,
      14.00299036776892,
      20.924839796986316,
      24.817152939673893,
      14.344937010725452,
      15.249522902522397,
      13.016438206590202,
      16.030810913460943,
      17.44225967951859,
      16.21731892711826,
      16.21731892711826,
      12.61176765165427,
      14.344937010725452,
      14.344937010725452,
      13.944668846043822,
      16.714373599711053,
      33.560920781383736,
      17.44225967951859,
      34.52110465784836,
      15.400665100726293,
      15.249522902522397,
      14.344937010725452,
      14.62020955801918,
      12.61176765165427,
      14.834646232782895,
      29.17039374873572,
      13.462922849024842,
      12.61176765165427,
      17.062568890416895,
      14.887498081231431,
      17.44225967951859,
      15.400665100726293,
      13.016438206590202,
      15.400665100726293,
      16.21731892711826,
      14.887498081231431,
      14.00299036776892,
      13.646876351961613,
      16.030810913460943,
      34.46954880822356,
      20.63221131245411,
      12.61176765165427,
      13.016438206590202,
      14.00299036776892,
      12.61176765165427,
      14.00299036776892,
      15.400665100726293,
      16.21731892711826,
      14.00299036776892,
      17.44225967951859,
      16.030810913460943,
      13.210914776632947,
      13.016438206590202,
      13.016438206590202,
      13.210914776632947,
      14.344937010725452,
      22.605315634811546,
      14.344937010725452,
      16.030810913460943,
      41.17775274072293,
      14.344937010725452,
      13.016438206590202,
      13.944668846043822,
      14.344937010725452,
      19.002135609461735,
      15.300160037337957,
      14.00299036776892,
      16.21731892711826,
      15.400665100726293,
      14.344937010725452,
      15.696295241713294,
      14.00299036776892,
      14.344937010725452,
      12.61176765165427,
      14.834646232782895,
      24.0822067929957,
      15.249522902522397,
      15.249522902522397,
      13.016438206590202,
      16.80241935171767,
      14.00299036776892,
      16.581004988225242,
      17.062568890416895,
      15.249522902522397,
      15.300160037337957,
      14.344937010725452,
      17.607220716459995,
      13.016438206590202,
      13.885946474964861,
      14.344937010725452,
      14.887498081231431,
      17.44225967951859,
      13.016438206590202,
      16.714373599711053,
      13.016438206590202,
      16.581004988225242,
      15.400665100726293,
      22.488672591361354,
      15.400665100726293,
      14.62020955801918,
      14.344937010725452,
      14.834646232782895,
      13.646876351961613,
      29.001512543138187,
      14.344937010725452,
      15.249522902522397,
      13.016438206590202,
      13.016438206590202,
      14.344937010725452,
      16.030810913460943,
      15.300160037337957,
      15.249522902522397,
      13.016438206590202,
      16.714373599711053,
      16.714373599711053,
      16.030810913460943,
      12.61176765165427,
      13.944668846043822,
      29.17039374873572,
      16.714373599711053,
      16.80241935171767,
      14.344937010725452,
      16.714373599711053,
      14.344937010725452,
      18.400665100726293,
      12.61176765165427,
      15.300160037337957,
      14.344937010725452,
      13.016438206590202,
      20.957014286830336,
      23.28920892072461,
      12.68077499000681,
      14.344937010725452,
      14.344937010725452,
      13.462922849024842,
      16.21731892711826,
      15.300160037337957,
      15.249522902522397,
      15.300160037337957,
      15.249522902522397,
      15.300160037337957,
      15.249522902522397,
      14.62020955801918,
      13.646876351961613,
      16.21731892711826,
      14.344937010725452,
      14.344937010725452,
      17.44225967951859,
      15.400665100726293,
      16.581004988225242,
      14.344937010725452,
      14.344937010725452,
      16.21731892711826,
      15.400665100726293,
      14.344937010725452,
      16.21731892711826,
      15.400665100726293,
      15.249522902522397,
      17.607220716459995,
      14.62020955801918,
      16.21731892711826,
      15.300160037337957,
      14.344937010725452,
      16.581004988225242,
      13.885946474964861,
      15.400665100726293,
      14.834646232782895,
      12.61176765165427,
      14.834646232782895,
      14.344937010725452,
      21.95361045797314,
      13.016438206590202,
      15.598704127911862,
      13.462922849024842,
      16.030810913460943,
      16.714373599711053,
      15.400665100726293,
      15.400665100726293,
      15.450540721847183,
      23.42842147804624,
      15.249522902522397,
      13.885946474964861,
      13.016438206590202,
      15.300160037337957,
      13.944668846043822,
      15.300160037337957,
      30.69888638207333,
      15.300160037337957,
      14.344937010725452,
      15.249522902522397,
      16.581004988225242,
      13.016438206590202,
      13.944668846043822,
      13.016438206590202,
      15.696295241713294,
      21.679485696826,
      15.400665100726293,
      15.249522902522397,
      16.581004988225242,
      14.344937010725452,
